,position_index,billboard_image_at_position_text,billboard_image_at_position_text_emotion,fix_bill,count,recall,recognition,subject,condition,billboard_emotionality,fix_binarized
0,1,text_driving,text_driving_emo,0.0,0.0,0,0,sub001,count trash,high_emo,0.0
1,2,burger,burger_neu,2.0,1.0,0,0,sub001,count trash,low_emo,1.0
2,3,buckle_up,buckle_up_neu,0.0,0.0,0,0,sub001,count trash,low_emo,0.0
3,4,hotel,hotel_emo,0.0,0.0,0,0,sub001,count trash,high_emo,0.0
4,5,sun_protection,sun_protection_emo,0.0,0.0,0,0,sub001,count trash,high_emo,0.0
5,6,vaccination,vaccination_emo,0.0,0.0,0,0,sub001,count trash,high_emo,0.0
6,7,healthy_diet,healthy_diet_neu,0.0,0.0,0,0,sub001,count trash,low_emo,0.0
7,8,vaping,vaping_emo,0.0,0.0,0,0,sub001,count trash,high_emo,0.0
8,9,HIV,HIV_emo,0.0,0.0,0,0,sub001,count trash,high_emo,0.0
9,10,coffee,coffee_neu,0.0,0.0,0,0,sub001,count trash,low_emo,0.0
10,11,marijuana,marijuana_emo,0.0,0.0,0,0,sub001,count trash,high_emo,0.0
11,12,brunch,brunch_emo,0.0,0.0,0,0,sub001,count trash,high_emo,0.0
12,13,education_donation,education_donation_neu,13.0,2.0,0,0,sub001,count trash,low_emo,1.0
13,14,smoking,smoking_neu,0.0,0.0,0,0,sub001,count trash,low_emo,0.0
14,15,diabetes,diabetes_neu,0.0,0.0,0,0,sub001,count trash,low_emo,0.0
15,16,wash_hands,wash_hands_emo,0.0,0.0,0,0,sub001,count trash,high_emo,0.0
16,17,binge_drinking,binge_drinking_neu,17.0,1.0,0,0,sub001,count trash,low_emo,1.0
17,18,tech_addiction,tech_addiction_emo,0.0,0.0,0,0,sub001,count trash,high_emo,0.0
18,19,furniture,furniture_neu,0.0,0.0,0,0,sub001,count trash,low_emo,0.0
19,20,drugged_driving,drugged_driving_neu,0.0,0.0,0,0,sub001,count trash,low_emo,0.0
0,1,text_driving,text_driving_neu,1.0,4.0,1,1,sub002,count trash,low_emo,1.0
1,2,burger,burger_emo,2.0,1.0,0,1,sub002,count trash,high_emo,1.0
2,3,buckle_up,buckle_up_emo,3.0,2.0,1,1,sub002,count trash,high_emo,1.0
3,4,hotel,hotel_neu,4.0,2.0,0,0,sub002,count trash,low_emo,1.0
4,5,sun_protection,sun_protection_neu,5.0,2.0,0,0,sub002,count trash,low_emo,1.0
5,6,vaccination,vaccination_neu,6.0,1.0,0,1,sub002,count trash,low_emo,1.0
6,7,healthy_diet,healthy_diet_emo,7.0,1.0,0,0,sub002,count trash,high_emo,1.0
7,8,vaping,vaping_neu,8.0,1.0,1,1,sub002,count trash,low_emo,1.0
8,9,HIV,HIV_neu,9.0,1.0,0,0,sub002,count trash,low_emo,1.0
9,10,coffee,coffee_emo,10.0,2.0,0,1,sub002,count trash,high_emo,1.0
10,11,marijuana,marijuana_neu,11.0,2.0,1,0,sub002,count trash,low_emo,1.0
11,12,brunch,brunch_neu,12.0,2.0,0,0,sub002,count trash,low_emo,1.0
12,13,education_donation,education_donation_emo,13.0,2.0,0,1,sub002,count trash,high_emo,1.0
13,14,smoking,smoking_emo,14.0,1.0,0,1,sub002,count trash,high_emo,1.0
14,15,diabetes,diabetes_emo,15.0,2.0,0,1,sub002,count trash,high_emo,1.0
15,16,wash_hands,wash_hands_neu,16.0,2.0,0,0,sub002,count trash,low_emo,1.0
16,17,binge_drinking,binge_drinking_emo,17.0,3.0,1,1,sub002,count trash,high_emo,1.0
17,18,tech_addiction,tech_addiction_neu,18.0,1.0,0,1,sub002,count trash,low_emo,1.0
18,19,furniture,furniture_emo,19.0,3.0,0,0,sub002,count trash,high_emo,1.0
19,20,drugged_driving,drugged_driving_emo,20.0,2.0,0,1,sub002,count trash,high_emo,1.0
0,1,burger,burger_neu,1.0,3.0,1,1,sub003,count trash,low_emo,1.0
1,2,drugged_driving,drugged_driving_emo,0.0,0.0,0,0,sub003,count trash,high_emo,0.0
2,3,marijuana,marijuana_emo,3.0,1.0,0,0,sub003,count trash,high_emo,1.0
3,4,sun_protection,sun_protection_neu,0.0,0.0,0,0,sub003,count trash,low_emo,0.0
4,5,vaping,vaping_emo,5.0,1.0,0,0,sub003,count trash,high_emo,1.0
5,6,furniture,furniture_neu,0.0,0.0,0,0,sub003,count trash,low_emo,0.0
6,7,brunch,brunch_emo,0.0,0.0,0,0,sub003,count trash,high_emo,0.0
7,8,healthy_diet,healthy_diet_neu,8.0,3.0,0,0,sub003,count trash,low_emo,1.0
8,9,buckle_up,buckle_up_neu,9.0,2.0,0,1,sub003,count trash,low_emo,1.0
9,10,text_driving,text_driving_neu,0.0,0.0,0,0,sub003,count trash,low_emo,0.0
10,11,diabetes,diabetes_emo,11.0,1.0,0,0,sub003,count trash,high_emo,1.0
11,12,tech_addiction,tech_addiction_neu,0.0,0.0,0,0,sub003,count trash,low_emo,0.0
12,13,HIV,HIV_neu,0.0,0.0,0,0,sub003,count trash,low_emo,0.0
13,14,smoking,smoking_emo,0.0,0.0,0,0,sub003,count trash,high_emo,0.0
14,15,binge_drinking,binge_drinking_emo,0.0,0.0,0,0,sub003,count trash,high_emo,0.0
15,16,wash_hands,wash_hands_emo,0.0,0.0,0,0,sub003,count trash,high_emo,0.0
16,17,vaccination,vaccination_neu,17.0,1.0,1,1,sub003,count trash,low_emo,1.0
17,18,education_donation,education_donation_emo,0.0,0.0,0,0,sub003,count trash,high_emo,0.0
18,19,hotel,hotel_emo,0.0,0.0,0,0,sub003,count trash,high_emo,0.0
19,20,coffee,coffee_neu,0.0,0.0,0,0,sub003,count trash,low_emo,0.0
0,1,burger,burger_emo,1.0,1.0,0,1,sub004,count trash,high_emo,1.0
1,2,drugged_driving,drugged_driving_neu,2.0,1.0,1,1,sub004,count trash,low_emo,1.0
2,3,marijuana,marijuana_neu,3.0,2.0,1,0,sub004,count trash,low_emo,1.0
3,4,sun_protection,sun_protection_emo,4.0,2.0,0,1,sub004,count trash,high_emo,1.0
4,5,vaping,vaping_neu,5.0,1.0,0,1,sub004,count trash,low_emo,1.0
5,6,furniture,furniture_emo,6.0,1.0,0,0,sub004,count trash,high_emo,1.0
6,7,brunch,brunch_neu,7.0,2.0,1,1,sub004,count trash,low_emo,1.0
7,8,healthy_diet,healthy_diet_emo,8.0,2.0,1,1,sub004,count trash,high_emo,1.0
8,9,buckle_up,buckle_up_emo,0.0,0.0,0,1,sub004,count trash,high_emo,0.0
9,10,text_driving,text_driving_emo,10.0,2.0,0,1,sub004,count trash,high_emo,1.0
10,11,diabetes,diabetes_neu,0.0,0.0,0,1,sub004,count trash,low_emo,0.0
11,12,tech_addiction,tech_addiction_emo,12.0,3.0,0,1,sub004,count trash,high_emo,1.0
12,13,HIV,HIV_emo,13.0,3.0,0,1,sub004,count trash,high_emo,1.0
13,14,smoking,smoking_neu,14.0,2.0,0,1,sub004,count trash,low_emo,1.0
14,15,binge_drinking,binge_drinking_neu,15.0,1.0,0,1,sub004,count trash,low_emo,1.0
15,16,wash_hands,wash_hands_neu,16.0,1.0,0,1,sub004,count trash,low_emo,1.0
16,17,vaccination,vaccination_emo,17.0,2.0,0,0,sub004,count trash,high_emo,1.0
17,18,education_donation,education_donation_neu,18.0,2.0,0,0,sub004,count trash,low_emo,1.0
18,19,hotel,hotel_neu,19.0,2.0,1,1,sub004,count trash,low_emo,1.0
19,20,coffee,coffee_emo,20.0,1.0,1,1,sub004,count trash,high_emo,1.0
0,1,vaping,vaping_neu,1.0,1.0,0,0,sub005,count trash,low_emo,1.0
1,2,burger,burger_emo,2.0,2.0,0,1,sub005,count trash,high_emo,1.0
2,3,drugged_driving,drugged_driving_emo,3.0,2.0,1,1,sub005,count trash,high_emo,1.0
3,4,HIV,HIV_neu,4.0,1.0,0,0,sub005,count trash,low_emo,1.0
4,5,text_driving,text_driving_emo,5.0,2.0,0,1,sub005,count trash,high_emo,1.0
5,6,buckle_up,buckle_up_emo,6.0,2.0,0,1,sub005,count trash,high_emo,1.0
6,7,tech_addiction,tech_addiction_emo,7.0,2.0,0,1,sub005,count trash,high_emo,1.0
7,8,vaccination,vaccination_emo,8.0,3.0,1,0,sub005,count trash,high_emo,1.0
8,9,coffee,coffee_neu,9.0,3.0,0,1,sub005,count trash,low_emo,1.0
9,10,healthy_diet,healthy_diet_neu,10.0,4.0,0,1,sub005,count trash,low_emo,1.0
10,11,hotel,hotel_emo,11.0,3.0,0,1,sub005,count trash,high_emo,1.0
11,12,diabetes,diabetes_emo,12.0,3.0,0,1,sub005,count trash,high_emo,1.0
12,13,smoking,smoking_emo,13.0,4.0,0,1,sub005,count trash,high_emo,1.0
13,14,marijuana,marijuana_neu,14.0,3.0,0,1,sub005,count trash,low_emo,1.0
14,15,binge_drinking,binge_drinking_neu,15.0,3.0,0,1,sub005,count trash,low_emo,1.0
15,16,brunch,brunch_neu,16.0,2.0,1,1,sub005,count trash,low_emo,1.0
16,17,education_donation,education_donation_neu,17.0,2.0,0,1,sub005,count trash,low_emo,1.0
17,18,sun_protection,sun_protection_neu,18.0,5.0,0,1,sub005,count trash,low_emo,1.0
18,19,wash_hands,wash_hands_neu,19.0,4.0,1,1,sub005,count trash,low_emo,1.0
19,20,furniture,furniture_emo,20.0,1.0,0,0,sub005,count trash,high_emo,1.0
0,1,vaping,vaping_emo,0.0,0.0,0,0,sub006,count trash,high_emo,0.0
1,2,burger,burger_neu,2.0,5.0,0,1,sub006,count trash,low_emo,1.0
2,3,drugged_driving,drugged_driving_neu,3.0,3.0,1,1,sub006,count trash,low_emo,1.0
3,4,HIV,HIV_emo,4.0,3.0,0,0,sub006,count trash,high_emo,1.0
4,5,text_driving,text_driving_neu,5.0,2.0,0,1,sub006,count trash,low_emo,1.0
5,6,buckle_up,buckle_up_neu,6.0,3.0,0,1,sub006,count trash,low_emo,1.0
6,7,tech_addiction,tech_addiction_neu,7.0,3.0,0,1,sub006,count trash,low_emo,1.0
7,8,vaccination,vaccination_neu,8.0,2.0,1,1,sub006,count trash,low_emo,1.0
8,9,coffee,coffee_emo,9.0,3.0,0,1,sub006,count trash,high_emo,1.0
9,10,healthy_diet,healthy_diet_emo,10.0,4.0,0,0,sub006,count trash,high_emo,1.0
10,11,hotel,hotel_neu,11.0,4.0,0,0,sub006,count trash,low_emo,1.0
11,12,diabetes,diabetes_neu,12.0,1.0,0,0,sub006,count trash,low_emo,1.0
12,13,smoking,smoking_neu,13.0,3.0,0,1,sub006,count trash,low_emo,1.0
13,14,marijuana,marijuana_emo,14.0,3.0,0,1,sub006,count trash,high_emo,1.0
14,15,binge_drinking,binge_drinking_emo,15.0,3.0,1,1,sub006,count trash,high_emo,1.0
15,16,brunch,brunch_emo,16.0,3.0,0,1,sub006,count trash,high_emo,1.0
16,17,education_donation,education_donation_emo,17.0,5.0,0,0,sub006,count trash,high_emo,1.0
17,18,sun_protection,sun_protection_emo,18.0,2.0,0,0,sub006,count trash,high_emo,1.0
18,19,wash_hands,wash_hands_emo,19.0,4.0,0,1,sub006,count trash,high_emo,1.0
19,20,furniture,furniture_neu,20.0,2.0,0,0,sub006,count trash,low_emo,1.0
0,1,HIV,HIV_neu,1.0,1.0,0,0,sub007,count trash,low_emo,1.0
1,2,drugged_driving,drugged_driving_neu,0.0,0.0,0,0,sub007,count trash,low_emo,0.0
2,3,sun_protection,sun_protection_neu,3.0,2.0,0,0,sub007,count trash,low_emo,1.0
3,4,education_donation,education_donation_neu,4.0,1.0,0,0,sub007,count trash,low_emo,1.0
4,5,buckle_up,buckle_up_neu,5.0,2.0,0,1,sub007,count trash,low_emo,1.0
5,6,diabetes,diabetes_emo,6.0,1.0,0,1,sub007,count trash,high_emo,1.0
6,7,tech_addiction,tech_addiction_emo,7.0,2.0,0,1,sub007,count trash,high_emo,1.0
7,8,wash_hands,wash_hands_emo,8.0,1.0,0,1,sub007,count trash,high_emo,1.0
8,9,coffee,coffee_emo,9.0,4.0,0,1,sub007,count trash,high_emo,1.0
9,10,furniture,furniture_neu,10.0,2.0,0,1,sub007,count trash,low_emo,1.0
10,11,vaccination,vaccination_neu,11.0,5.0,0,0,sub007,count trash,low_emo,1.0
11,12,binge_drinking,binge_drinking_emo,12.0,2.0,1,1,sub007,count trash,high_emo,1.0
12,13,healthy_diet,healthy_diet_emo,13.0,3.0,0,0,sub007,count trash,high_emo,1.0
13,14,burger,burger_emo,14.0,1.0,0,0,sub007,count trash,high_emo,1.0
14,15,hotel,hotel_emo,15.0,4.0,0,0,sub007,count trash,high_emo,1.0
15,16,brunch,brunch_neu,16.0,2.0,1,1,sub007,count trash,low_emo,1.0
16,17,smoking,smoking_neu,17.0,3.0,1,1,sub007,count trash,low_emo,1.0
17,18,text_driving,text_driving_neu,18.0,3.0,0,1,sub007,count trash,low_emo,1.0
18,19,marijuana,marijuana_emo,19.0,4.0,1,1,sub007,count trash,high_emo,1.0
19,20,vaping,vaping_emo,20.0,3.0,1,1,sub007,count trash,high_emo,1.0
0,1,HIV,HIV_emo,1.0,1.0,0,0,sub008,count trash,high_emo,1.0
1,2,drugged_driving,drugged_driving_emo,2.0,1.0,1,1,sub008,count trash,high_emo,1.0
2,3,sun_protection,sun_protection_emo,3.0,4.0,1,1,sub008,count trash,high_emo,1.0
3,4,education_donation,education_donation_emo,4.0,2.0,0,0,sub008,count trash,high_emo,1.0
4,5,buckle_up,buckle_up_emo,5.0,2.0,0,0,sub008,count trash,high_emo,1.0
5,6,diabetes,diabetes_neu,0.0,0.0,0,1,sub008,count trash,low_emo,0.0
6,7,tech_addiction,tech_addiction_neu,7.0,3.0,0,0,sub008,count trash,low_emo,1.0
7,8,wash_hands,wash_hands_neu,0.0,0.0,0,0,sub008,count trash,low_emo,0.0
8,9,coffee,coffee_neu,9.0,2.0,0,0,sub008,count trash,low_emo,1.0
9,10,furniture,furniture_emo,0.0,0.0,0,0,sub008,count trash,high_emo,0.0
10,11,vaccination,vaccination_emo,11.0,1.0,0,0,sub008,count trash,high_emo,1.0
11,12,binge_drinking,binge_drinking_neu,0.0,0.0,0,0,sub008,count trash,low_emo,0.0
12,13,healthy_diet,healthy_diet_neu,0.0,0.0,0,1,sub008,count trash,low_emo,0.0
13,14,burger,burger_neu,0.0,0.0,0,0,sub008,count trash,low_emo,0.0
14,15,hotel,hotel_neu,0.0,0.0,0,0,sub008,count trash,low_emo,0.0
15,16,brunch,brunch_emo,0.0,0.0,0,0,sub008,count trash,high_emo,0.0
16,17,smoking,smoking_emo,0.0,0.0,0,1,sub008,count trash,high_emo,0.0
17,18,text_driving,text_driving_emo,0.0,0.0,0,1,sub008,count trash,high_emo,0.0
18,19,marijuana,marijuana_neu,0.0,0.0,0,0,sub008,count trash,low_emo,0.0
19,20,vaping,vaping_neu,0.0,0.0,0,0,sub008,count trash,low_emo,0.0
0,1,diabetes,diabetes_emo,1.0,2.0,0,1,sub009,count trash,high_emo,1.0
1,2,text_driving,text_driving_neu,2.0,5.0,0,0,sub009,count trash,low_emo,1.0
2,3,vaccination,vaccination_emo,3.0,1.0,0,0,sub009,count trash,high_emo,1.0
3,4,drugged_driving,drugged_driving_emo,0.0,0.0,1,1,sub009,count trash,high_emo,0.0
4,5,smoking,smoking_emo,5.0,4.0,0,0,sub009,count trash,high_emo,1.0
5,6,buckle_up,buckle_up_neu,0.0,0.0,0,0,sub009,count trash,low_emo,0.0
6,7,coffee,coffee_emo,7.0,1.0,0,0,sub009,count trash,high_emo,1.0
7,8,HIV,HIV_neu,0.0,0.0,0,1,sub009,count trash,low_emo,0.0
8,9,burger,burger_emo,9.0,2.0,0,1,sub009,count trash,high_emo,1.0
9,10,furniture,furniture_emo,10.0,4.0,0,1,sub009,count trash,high_emo,1.0
10,11,brunch,brunch_emo,11.0,1.0,0,1,sub009,count trash,high_emo,1.0
11,12,sun_protection,sun_protection_emo,12.0,2.0,0,1,sub009,count trash,high_emo,1.0
12,13,binge_drinking,binge_drinking_neu,13.0,2.0,0,1,sub009,count trash,low_emo,1.0
13,14,marijuana,marijuana_neu,14.0,2.0,1,1,sub009,count trash,low_emo,1.0
14,15,healthy_diet,healthy_diet_neu,0.0,0.0,1,1,sub009,count trash,low_emo,0.0
15,16,wash_hands,wash_hands_neu,16.0,2.0,0,0,sub009,count trash,low_emo,1.0
16,17,hotel,hotel_emo,17.0,4.0,0,0,sub009,count trash,high_emo,1.0
17,18,education_donation,education_donation_neu,18.0,3.0,1,1,sub009,count trash,low_emo,1.0
18,19,tech_addiction,tech_addiction_neu,19.0,1.0,0,1,sub009,count trash,low_emo,1.0
19,20,vaping,vaping_neu,20.0,1.0,1,1,sub009,count trash,low_emo,1.0
0,1,diabetes,diabetes_neu,1.0,1.0,0,1,sub010,count trash,low_emo,1.0
1,2,text_driving,text_driving_emo,0.0,0.0,0,1,sub010,count trash,high_emo,0.0
2,3,vaccination,vaccination_neu,0.0,0.0,0,0,sub010,count trash,low_emo,0.0
3,4,drugged_driving,drugged_driving_neu,0.0,0.0,0,0,sub010,count trash,low_emo,0.0
4,5,smoking,smoking_neu,0.0,0.0,0,1,sub010,count trash,low_emo,0.0
5,6,buckle_up,buckle_up_emo,0.0,0.0,0,0,sub010,count trash,high_emo,0.0
6,7,coffee,coffee_neu,0.0,0.0,0,0,sub010,count trash,low_emo,0.0
7,8,HIV,HIV_emo,0.0,0.0,0,0,sub010,count trash,high_emo,0.0
8,9,burger,burger_neu,9.0,1.0,0,0,sub010,count trash,low_emo,1.0
9,10,furniture,furniture_neu,0.0,0.0,0,0,sub010,count trash,low_emo,0.0
10,11,brunch,brunch_neu,0.0,0.0,0,0,sub010,count trash,low_emo,0.0
11,12,sun_protection,sun_protection_neu,0.0,0.0,0,0,sub010,count trash,low_emo,0.0
12,13,binge_drinking,binge_drinking_emo,0.0,0.0,0,1,sub010,count trash,high_emo,0.0
13,14,marijuana,marijuana_emo,0.0,0.0,0,1,sub010,count trash,high_emo,0.0
14,15,healthy_diet,healthy_diet_emo,0.0,0.0,0,1,sub010,count trash,high_emo,0.0
15,16,wash_hands,wash_hands_emo,0.0,0.0,0,0,sub010,count trash,high_emo,0.0
16,17,hotel,hotel_neu,0.0,0.0,0,0,sub010,count trash,low_emo,0.0
17,18,education_donation,education_donation_emo,0.0,0.0,0,0,sub010,count trash,high_emo,0.0
18,19,tech_addiction,tech_addiction_emo,0.0,0.0,0,0,sub010,count trash,high_emo,0.0
19,20,vaping,vaping_emo,20.0,1.0,0,1,sub010,count trash,high_emo,1.0
0,1,burger,burger_emo,0.0,0.0,0,0,sub011,count trash,high_emo,0.0
1,2,text_driving,text_driving_neu,0.0,0.0,0,0,sub011,count trash,low_emo,0.0
2,3,vaping,vaping_emo,3.0,2.0,0,0,sub011,count trash,high_emo,1.0
3,4,sun_protection,sun_protection_neu,4.0,1.0,0,0,sub011,count trash,low_emo,1.0
4,5,brunch,brunch_emo,5.0,1.0,0,0,sub011,count trash,high_emo,1.0
5,6,binge_drinking,binge_drinking_emo,6.0,1.0,1,0,sub011,count trash,high_emo,1.0
6,7,wash_hands,wash_hands_emo,7.0,3.0,0,0,sub011,count trash,high_emo,1.0
7,8,tech_addiction,tech_addiction_neu,8.0,3.0,0,1,sub011,count trash,low_emo,1.0
8,9,education_donation,education_donation_neu,9.0,5.0,0,1,sub011,count trash,low_emo,1.0
9,10,coffee,coffee_neu,10.0,2.0,0,0,sub011,count trash,low_emo,1.0
10,11,buckle_up,buckle_up_emo,11.0,2.0,1,1,sub011,count trash,high_emo,1.0
11,12,furniture,furniture_emo,12.0,4.0,0,0,sub011,count trash,high_emo,1.0
12,13,HIV,HIV_emo,13.0,2.0,0,0,sub011,count trash,high_emo,1.0
13,14,drugged_driving,drugged_driving_neu,14.0,2.0,0,1,sub011,count trash,low_emo,1.0
14,15,marijuana,marijuana_neu,15.0,2.0,0,1,sub011,count trash,low_emo,1.0
15,16,vaccination,vaccination_neu,0.0,0.0,0,0,sub011,count trash,low_emo,0.0
16,17,healthy_diet,healthy_diet_neu,17.0,2.0,0,0,sub011,count trash,low_emo,1.0
17,18,hotel,hotel_emo,0.0,0.0,0,0,sub011,count trash,high_emo,0.0
18,19,smoking,smoking_emo,19.0,3.0,0,0,sub011,count trash,high_emo,1.0
19,20,diabetes,diabetes_neu,0.0,0.0,0,0,sub011,count trash,low_emo,0.0
0,1,burger,burger_neu,1.0,2.0,0,1,sub012,count trash,low_emo,1.0
1,2,text_driving,text_driving_emo,2.0,3.0,0,1,sub012,count trash,high_emo,1.0
2,3,vaping,vaping_neu,3.0,3.0,1,1,sub012,count trash,low_emo,1.0
3,4,sun_protection,sun_protection_emo,4.0,2.0,1,1,sub012,count trash,high_emo,1.0
4,5,brunch,brunch_neu,5.0,4.0,0,1,sub012,count trash,low_emo,1.0
5,6,binge_drinking,binge_drinking_neu,6.0,3.0,1,1,sub012,count trash,low_emo,1.0
6,7,wash_hands,wash_hands_neu,7.0,5.0,1,1,sub012,count trash,low_emo,1.0
7,8,tech_addiction,tech_addiction_emo,8.0,6.0,0,1,sub012,count trash,high_emo,1.0
8,9,education_donation,education_donation_emo,9.0,2.0,0,1,sub012,count trash,high_emo,1.0
9,10,coffee,coffee_emo,10.0,3.0,0,1,sub012,count trash,high_emo,1.0
10,11,buckle_up,buckle_up_neu,11.0,6.0,1,1,sub012,count trash,low_emo,1.0
11,12,furniture,furniture_neu,12.0,3.0,0,1,sub012,count trash,low_emo,1.0
12,13,HIV,HIV_neu,13.0,2.0,0,1,sub012,count trash,low_emo,1.0
13,14,drugged_driving,drugged_driving_emo,14.0,4.0,0,1,sub012,count trash,high_emo,1.0
14,15,marijuana,marijuana_emo,15.0,4.0,1,1,sub012,count trash,high_emo,1.0
15,16,vaccination,vaccination_emo,16.0,5.0,1,1,sub012,count trash,high_emo,1.0
16,17,healthy_diet,healthy_diet_emo,17.0,4.0,0,1,sub012,count trash,high_emo,1.0
17,18,hotel,hotel_neu,18.0,1.0,1,1,sub012,count trash,low_emo,1.0
18,19,smoking,smoking_neu,19.0,5.0,1,1,sub012,count trash,low_emo,1.0
19,20,diabetes,diabetes_emo,20.0,2.0,1,1,sub012,count trash,high_emo,1.0
0,1,hotel,hotel_emo,0.0,0.0,0,0,sub013,free viewing,high_emo,0.0
1,2,tech_addiction,tech_addiction_neu,2.0,8.0,0,0,sub013,free viewing,low_emo,1.0
2,3,vaping,vaping_emo,3.0,4.0,0,0,sub013,free viewing,high_emo,1.0
3,4,sun_protection,sun_protection_neu,4.0,3.0,1,1,sub013,free viewing,low_emo,1.0
4,5,marijuana,marijuana_emo,5.0,3.0,0,0,sub013,free viewing,high_emo,1.0
5,6,HIV,HIV_neu,6.0,2.0,0,1,sub013,free viewing,low_emo,1.0
6,7,brunch,brunch_emo,0.0,0.0,0,0,sub013,free viewing,high_emo,0.0
7,8,coffee,coffee_emo,8.0,3.0,0,0,sub013,free viewing,high_emo,1.0
8,9,furniture,furniture_neu,9.0,2.0,0,0,sub013,free viewing,low_emo,1.0
9,10,burger,burger_neu,10.0,2.0,0,1,sub013,free viewing,low_emo,1.0
10,11,education_donation,education_donation_neu,11.0,4.0,0,1,sub013,free viewing,low_emo,1.0
11,12,drugged_driving,drugged_driving_neu,12.0,3.0,0,1,sub013,free viewing,low_emo,1.0
12,13,binge_drinking,binge_drinking_neu,13.0,3.0,0,1,sub013,free viewing,low_emo,1.0
13,14,vaccination,vaccination_neu,14.0,4.0,0,0,sub013,free viewing,low_emo,1.0
14,15,buckle_up,buckle_up_emo,15.0,1.0,1,1,sub013,free viewing,high_emo,1.0
15,16,wash_hands,wash_hands_emo,16.0,3.0,0,0,sub013,free viewing,high_emo,1.0
16,17,text_driving,text_driving_neu,17.0,3.0,0,1,sub013,free viewing,low_emo,1.0
17,18,diabetes,diabetes_emo,18.0,2.0,0,1,sub013,free viewing,high_emo,1.0
18,19,smoking,smoking_emo,19.0,4.0,1,0,sub013,free viewing,high_emo,1.0
19,20,healthy_diet,healthy_diet_emo,20.0,4.0,0,1,sub013,free viewing,high_emo,1.0
0,1,hotel,hotel_neu,0.0,0.0,0,0,sub014,free viewing,low_emo,0.0
1,2,tech_addiction,tech_addiction_emo,0.0,0.0,0,0,sub014,free viewing,high_emo,0.0
2,3,vaping,vaping_neu,3.0,5.0,0,1,sub014,free viewing,low_emo,1.0
3,4,sun_protection,sun_protection_emo,4.0,2.0,0,1,sub014,free viewing,high_emo,1.0
4,5,marijuana,marijuana_neu,5.0,3.0,0,1,sub014,free viewing,low_emo,1.0
5,6,HIV,HIV_emo,6.0,5.0,0,0,sub014,free viewing,high_emo,1.0
6,7,brunch,brunch_neu,7.0,2.0,0,1,sub014,free viewing,low_emo,1.0
7,8,coffee,coffee_neu,8.0,3.0,0,0,sub014,free viewing,low_emo,1.0
8,9,furniture,furniture_emo,9.0,3.0,0,1,sub014,free viewing,high_emo,1.0
9,10,burger,burger_emo,10.0,7.0,0,1,sub014,free viewing,high_emo,1.0
10,11,education_donation,education_donation_emo,11.0,3.0,1,1,sub014,free viewing,high_emo,1.0
11,12,drugged_driving,drugged_driving_emo,12.0,4.0,1,1,sub014,free viewing,high_emo,1.0
12,13,binge_drinking,binge_drinking_emo,13.0,4.0,0,0,sub014,free viewing,high_emo,1.0
13,14,vaccination,vaccination_emo,14.0,3.0,0,0,sub014,free viewing,high_emo,1.0
14,15,buckle_up,buckle_up_neu,15.0,3.0,0,1,sub014,free viewing,low_emo,1.0
15,16,wash_hands,wash_hands_neu,16.0,1.0,0,0,sub014,free viewing,low_emo,1.0
16,17,text_driving,text_driving_emo,17.0,5.0,0,1,sub014,free viewing,high_emo,1.0
17,18,diabetes,diabetes_neu,18.0,3.0,0,1,sub014,free viewing,low_emo,1.0
18,19,smoking,smoking_neu,19.0,3.0,1,1,sub014,free viewing,low_emo,1.0
19,20,healthy_diet,healthy_diet_neu,20.0,3.0,0,0,sub014,free viewing,low_emo,1.0
0,1,diabetes,diabetes_emo,0.0,0.0,0,0,sub015,free viewing,high_emo,0.0
1,2,smoking,smoking_emo,2.0,3.0,0,0,sub015,free viewing,high_emo,1.0
2,3,coffee,coffee_emo,3.0,4.0,0,0,sub015,free viewing,high_emo,1.0
3,4,hotel,hotel_emo,4.0,5.0,0,0,sub015,free viewing,high_emo,1.0
4,5,drugged_driving,drugged_driving_neu,5.0,2.0,0,0,sub015,free viewing,low_emo,1.0
5,6,education_donation,education_donation_emo,6.0,4.0,0,0,sub015,free viewing,high_emo,1.0
6,7,vaping,vaping_emo,7.0,2.0,0,0,sub015,free viewing,high_emo,1.0
7,8,healthy_diet,healthy_diet_neu,8.0,2.0,0,0,sub015,free viewing,low_emo,1.0
8,9,binge_drinking,binge_drinking_neu,9.0,4.0,1,1,sub015,free viewing,low_emo,1.0
9,10,sun_protection,sun_protection_emo,10.0,2.0,0,1,sub015,free viewing,high_emo,1.0
10,11,brunch,brunch_neu,11.0,3.0,0,1,sub015,free viewing,low_emo,1.0
11,12,tech_addiction,tech_addiction_emo,12.0,2.0,0,1,sub015,free viewing,high_emo,1.0
12,13,vaccination,vaccination_neu,13.0,4.0,0,1,sub015,free viewing,low_emo,1.0
13,14,burger,burger_neu,14.0,2.0,1,1,sub015,free viewing,low_emo,1.0
14,15,HIV,HIV_emo,15.0,3.0,0,0,sub015,free viewing,high_emo,1.0
15,16,furniture,furniture_neu,16.0,3.0,0,1,sub015,free viewing,low_emo,1.0
16,17,marijuana,marijuana_neu,17.0,3.0,1,1,sub015,free viewing,low_emo,1.0
17,18,text_driving,text_driving_emo,18.0,3.0,1,1,sub015,free viewing,high_emo,1.0
18,19,buckle_up,buckle_up_neu,19.0,2.0,0,1,sub015,free viewing,low_emo,1.0
19,20,wash_hands,wash_hands_neu,0.0,0.0,0,1,sub015,free viewing,low_emo,0.0
0,1,diabetes,diabetes_neu,1.0,4.0,0,1,sub016,free viewing,low_emo,1.0
1,2,smoking,smoking_neu,2.0,5.0,1,1,sub016,free viewing,low_emo,1.0
2,3,coffee,coffee_neu,3.0,5.0,0,0,sub016,free viewing,low_emo,1.0
3,4,hotel,hotel_neu,4.0,2.0,0,1,sub016,free viewing,low_emo,1.0
4,5,drugged_driving,drugged_driving_emo,5.0,2.0,0,1,sub016,free viewing,high_emo,1.0
5,6,education_donation,education_donation_neu,6.0,4.0,0,1,sub016,free viewing,low_emo,1.0
6,7,vaping,vaping_neu,7.0,3.0,0,1,sub016,free viewing,low_emo,1.0
7,8,healthy_diet,healthy_diet_emo,8.0,8.0,0,1,sub016,free viewing,high_emo,1.0
8,9,binge_drinking,binge_drinking_emo,9.0,4.0,1,1,sub016,free viewing,high_emo,1.0
9,10,sun_protection,sun_protection_neu,10.0,5.0,0,1,sub016,free viewing,low_emo,1.0
10,11,brunch,brunch_emo,11.0,7.0,1,1,sub016,free viewing,high_emo,1.0
11,12,tech_addiction,tech_addiction_neu,12.0,1.0,0,1,sub016,free viewing,low_emo,1.0
12,13,vaccination,vaccination_emo,13.0,3.0,1,1,sub016,free viewing,high_emo,1.0
13,14,burger,burger_emo,14.0,3.0,1,1,sub016,free viewing,high_emo,1.0
14,15,HIV,HIV_neu,15.0,2.0,0,1,sub016,free viewing,low_emo,1.0
15,16,furniture,furniture_emo,16.0,3.0,1,1,sub016,free viewing,high_emo,1.0
16,17,marijuana,marijuana_emo,17.0,4.0,1,1,sub016,free viewing,high_emo,1.0
17,18,text_driving,text_driving_neu,18.0,2.0,0,1,sub016,free viewing,low_emo,1.0
18,19,buckle_up,buckle_up_emo,19.0,6.0,1,1,sub016,free viewing,high_emo,1.0
19,20,wash_hands,wash_hands_emo,20.0,2.0,1,1,sub016,free viewing,high_emo,1.0
0,1,marijuana,marijuana_neu,1.0,2.0,1,1,sub017,free viewing,low_emo,1.0
1,2,sun_protection,sun_protection_emo,2.0,2.0,0,1,sub017,free viewing,high_emo,1.0
2,3,binge_drinking,binge_drinking_emo,3.0,3.0,1,1,sub017,free viewing,high_emo,1.0
3,4,vaccination,vaccination_neu,4.0,2.0,1,1,sub017,free viewing,low_emo,1.0
4,5,healthy_diet,healthy_diet_emo,5.0,1.0,0,1,sub017,free viewing,high_emo,1.0
5,6,tech_addiction,tech_addiction_emo,6.0,3.0,0,1,sub017,free viewing,high_emo,1.0
6,7,diabetes,diabetes_neu,7.0,1.0,1,1,sub017,free viewing,low_emo,1.0
7,8,hotel,hotel_emo,8.0,2.0,0,1,sub017,free viewing,high_emo,1.0
8,9,buckle_up,buckle_up_neu,9.0,3.0,1,1,sub017,free viewing,low_emo,1.0
9,10,HIV,HIV_emo,10.0,2.0,0,1,sub017,free viewing,high_emo,1.0
10,11,wash_hands,wash_hands_neu,11.0,1.0,0,1,sub017,free viewing,low_emo,1.0
11,12,furniture,furniture_emo,12.0,2.0,0,1,sub017,free viewing,high_emo,1.0
12,13,smoking,smoking_neu,13.0,2.0,0,1,sub017,free viewing,low_emo,1.0
13,14,text_driving,text_driving_neu,14.0,1.0,0,1,sub017,free viewing,low_emo,1.0
14,15,drugged_driving,drugged_driving_emo,15.0,1.0,0,1,sub017,free viewing,high_emo,1.0
15,16,brunch,brunch_neu,16.0,2.0,0,1,sub017,free viewing,low_emo,1.0
16,17,coffee,coffee_emo,17.0,2.0,1,1,sub017,free viewing,high_emo,1.0
17,18,vaping,vaping_neu,18.0,1.0,1,1,sub017,free viewing,low_emo,1.0
18,19,education_donation,education_donation_neu,19.0,2.0,0,1,sub017,free viewing,low_emo,1.0
19,20,burger,burger_emo,20.0,3.0,0,1,sub017,free viewing,high_emo,1.0
0,1,marijuana,marijuana_emo,1.0,5.0,1,1,sub018,free viewing,high_emo,1.0
1,2,sun_protection,sun_protection_neu,2.0,3.0,0,0,sub018,free viewing,low_emo,1.0
2,3,binge_drinking,binge_drinking_neu,3.0,1.0,0,0,sub018,free viewing,low_emo,1.0
3,4,vaccination,vaccination_emo,4.0,1.0,0,1,sub018,free viewing,high_emo,1.0
4,5,healthy_diet,healthy_diet_neu,5.0,3.0,0,0,sub018,free viewing,low_emo,1.0
5,6,tech_addiction,tech_addiction_neu,6.0,3.0,0,0,sub018,free viewing,low_emo,1.0
6,7,diabetes,diabetes_emo,7.0,3.0,0,1,sub018,free viewing,high_emo,1.0
7,8,hotel,hotel_neu,8.0,2.0,0,1,sub018,free viewing,low_emo,1.0
8,9,buckle_up,buckle_up_emo,9.0,4.0,0,1,sub018,free viewing,high_emo,1.0
9,10,HIV,HIV_neu,10.0,4.0,1,1,sub018,free viewing,low_emo,1.0
10,11,wash_hands,wash_hands_emo,11.0,2.0,1,1,sub018,free viewing,high_emo,1.0
11,12,furniture,furniture_neu,12.0,1.0,0,1,sub018,free viewing,low_emo,1.0
12,13,smoking,smoking_emo,13.0,5.0,1,1,sub018,free viewing,high_emo,1.0
13,14,text_driving,text_driving_emo,14.0,4.0,0,1,sub018,free viewing,high_emo,1.0
14,15,drugged_driving,drugged_driving_neu,15.0,3.0,1,1,sub018,free viewing,low_emo,1.0
15,16,brunch,brunch_emo,16.0,3.0,0,1,sub018,free viewing,high_emo,1.0
16,17,coffee,coffee_neu,17.0,2.0,0,0,sub018,free viewing,low_emo,1.0
17,18,vaping,vaping_emo,18.0,4.0,1,1,sub018,free viewing,high_emo,1.0
18,19,education_donation,education_donation_emo,19.0,4.0,0,1,sub018,free viewing,high_emo,1.0
19,20,burger,burger_neu,0.0,0.0,1,1,sub018,free viewing,low_emo,0.0
0,1,coffee,coffee_emo,1.0,2.0,0,0,sub019,free viewing,high_emo,1.0
1,2,buckle_up,buckle_up_emo,2.0,2.0,0,1,sub019,free viewing,high_emo,1.0
2,3,sun_protection,sun_protection_emo,3.0,5.0,0,1,sub019,free viewing,high_emo,1.0
3,4,burger,burger_neu,4.0,5.0,0,1,sub019,free viewing,low_emo,1.0
4,5,diabetes,diabetes_emo,5.0,1.0,1,1,sub019,free viewing,high_emo,1.0
5,6,text_driving,text_driving_neu,6.0,4.0,0,1,sub019,free viewing,low_emo,1.0
6,7,HIV,HIV_emo,7.0,1.0,0,1,sub019,free viewing,high_emo,1.0
7,8,marijuana,marijuana_neu,8.0,2.0,1,1,sub019,free viewing,low_emo,1.0
8,9,vaccination,vaccination_emo,9.0,5.0,0,1,sub019,free viewing,high_emo,1.0
9,10,healthy_diet,healthy_diet_neu,10.0,2.0,0,1,sub019,free viewing,low_emo,1.0
10,11,vaping,vaping_emo,11.0,3.0,1,1,sub019,free viewing,high_emo,1.0
11,12,hotel,hotel_neu,12.0,1.0,1,1,sub019,free viewing,low_emo,1.0
12,13,drugged_driving,drugged_driving_emo,13.0,4.0,1,1,sub019,free viewing,high_emo,1.0
13,14,wash_hands,wash_hands_neu,14.0,4.0,0,1,sub019,free viewing,low_emo,1.0
14,15,smoking,smoking_neu,15.0,3.0,1,1,sub019,free viewing,low_emo,1.0
15,16,tech_addiction,tech_addiction_emo,16.0,3.0,0,1,sub019,free viewing,high_emo,1.0
16,17,binge_drinking,binge_drinking_neu,17.0,5.0,1,1,sub019,free viewing,low_emo,1.0
17,18,furniture,furniture_emo,18.0,1.0,1,1,sub019,free viewing,high_emo,1.0
18,19,education_donation,education_donation_neu,19.0,1.0,0,1,sub019,free viewing,low_emo,1.0
19,20,brunch,brunch_neu,20.0,3.0,0,1,sub019,free viewing,low_emo,1.0
0,1,coffee,coffee_neu,1.0,3.0,0,1,sub020,free viewing,low_emo,1.0
1,2,buckle_up,buckle_up_neu,2.0,4.0,1,1,sub020,free viewing,low_emo,1.0
2,3,sun_protection,sun_protection_neu,3.0,7.0,0,0,sub020,free viewing,low_emo,1.0
3,4,burger,burger_emo,4.0,3.0,0,0,sub020,free viewing,high_emo,1.0
4,5,diabetes,diabetes_neu,5.0,6.0,0,0,sub020,free viewing,low_emo,1.0
5,6,text_driving,text_driving_emo,6.0,1.0,0,1,sub020,free viewing,high_emo,1.0
6,7,HIV,HIV_neu,7.0,6.0,0,0,sub020,free viewing,low_emo,1.0
7,8,marijuana,marijuana_emo,8.0,3.0,0,0,sub020,free viewing,high_emo,1.0
8,9,vaccination,vaccination_neu,9.0,6.0,1,1,sub020,free viewing,low_emo,1.0
9,10,healthy_diet,healthy_diet_emo,10.0,6.0,1,1,sub020,free viewing,high_emo,1.0
10,11,vaping,vaping_neu,11.0,7.0,0,1,sub020,free viewing,low_emo,1.0
11,12,hotel,hotel_emo,12.0,4.0,0,0,sub020,free viewing,high_emo,1.0
12,13,drugged_driving,drugged_driving_neu,13.0,4.0,0,1,sub020,free viewing,low_emo,1.0
13,14,wash_hands,wash_hands_emo,14.0,2.0,0,1,sub020,free viewing,high_emo,1.0
14,15,smoking,smoking_emo,15.0,4.0,0,0,sub020,free viewing,high_emo,1.0
15,16,tech_addiction,tech_addiction_neu,16.0,4.0,0,1,sub020,free viewing,low_emo,1.0
16,17,binge_drinking,binge_drinking_emo,17.0,4.0,0,1,sub020,free viewing,high_emo,1.0
17,18,furniture,furniture_neu,18.0,3.0,0,0,sub020,free viewing,low_emo,1.0
18,19,education_donation,education_donation_emo,19.0,3.0,1,1,sub020,free viewing,high_emo,1.0
19,20,brunch,brunch_emo,20.0,2.0,1,1,sub020,free viewing,high_emo,1.0
0,1,smoking,smoking_emo,1.0,3.0,0,0,sub021,free viewing,high_emo,1.0
1,2,sun_protection,sun_protection_neu,2.0,4.0,0,0,sub021,free viewing,low_emo,1.0
2,3,vaping,vaping_emo,3.0,6.0,0,0,sub021,free viewing,high_emo,1.0
3,4,coffee,coffee_neu,4.0,3.0,0,1,sub021,free viewing,low_emo,1.0
4,5,wash_hands,wash_hands_neu,5.0,1.0,0,1,sub021,free viewing,low_emo,1.0
5,6,furniture,furniture_emo,6.0,1.0,0,0,sub021,free viewing,high_emo,1.0
6,7,hotel,hotel_neu,7.0,1.0,0,1,sub021,free viewing,low_emo,1.0
7,8,marijuana,marijuana_emo,8.0,1.0,1,1,sub021,free viewing,high_emo,1.0
8,9,healthy_diet,healthy_diet_emo,9.0,4.0,0,1,sub021,free viewing,high_emo,1.0
9,10,tech_addiction,tech_addiction_emo,10.0,3.0,0,1,sub021,free viewing,high_emo,1.0
10,11,education_donation,education_donation_emo,11.0,5.0,0,1,sub021,free viewing,high_emo,1.0
11,12,brunch,brunch_neu,12.0,1.0,1,1,sub021,free viewing,low_emo,1.0
12,13,buckle_up,buckle_up_neu,13.0,2.0,0,1,sub021,free viewing,low_emo,1.0
13,14,HIV,HIV_neu,14.0,3.0,0,1,sub021,free viewing,low_emo,1.0
14,15,diabetes,diabetes_neu,0.0,0.0,0,0,sub021,free viewing,low_emo,0.0
15,16,binge_drinking,binge_drinking_emo,16.0,2.0,0,1,sub021,free viewing,high_emo,1.0
16,17,vaccination,vaccination_emo,17.0,2.0,0,1,sub021,free viewing,high_emo,1.0
17,18,text_driving,text_driving_neu,18.0,4.0,1,1,sub021,free viewing,low_emo,1.0
18,19,drugged_driving,drugged_driving_emo,19.0,3.0,1,1,sub021,free viewing,high_emo,1.0
19,20,burger,burger_neu,20.0,1.0,1,1,sub021,free viewing,low_emo,1.0
0,1,smoking,smoking_neu,1.0,2.0,0,1,sub022,free viewing,low_emo,1.0
1,2,sun_protection,sun_protection_emo,2.0,4.0,1,1,sub022,free viewing,high_emo,1.0
2,3,vaping,vaping_neu,3.0,5.0,1,1,sub022,free viewing,low_emo,1.0
3,4,coffee,coffee_emo,4.0,4.0,1,1,sub022,free viewing,high_emo,1.0
4,5,wash_hands,wash_hands_emo,5.0,2.0,1,1,sub022,free viewing,high_emo,1.0
5,6,furniture,furniture_neu,6.0,2.0,0,0,sub022,free viewing,low_emo,1.0
6,7,hotel,hotel_emo,7.0,2.0,0,0,sub022,free viewing,high_emo,1.0
7,8,marijuana,marijuana_neu,8.0,3.0,0,1,sub022,free viewing,low_emo,1.0
8,9,healthy_diet,healthy_diet_neu,9.0,2.0,0,1,sub022,free viewing,low_emo,1.0
9,10,tech_addiction,tech_addiction_neu,10.0,4.0,0,1,sub022,free viewing,low_emo,1.0
10,11,education_donation,education_donation_neu,11.0,4.0,0,0,sub022,free viewing,low_emo,1.0
11,12,brunch,brunch_emo,12.0,5.0,1,1,sub022,free viewing,high_emo,1.0
12,13,buckle_up,buckle_up_emo,13.0,4.0,1,1,sub022,free viewing,high_emo,1.0
13,14,HIV,HIV_emo,14.0,3.0,0,1,sub022,free viewing,high_emo,1.0
14,15,diabetes,diabetes_emo,15.0,2.0,0,0,sub022,free viewing,high_emo,1.0
15,16,binge_drinking,binge_drinking_neu,16.0,3.0,0,0,sub022,free viewing,low_emo,1.0
16,17,vaccination,vaccination_neu,17.0,1.0,0,0,sub022,free viewing,low_emo,1.0
17,18,text_driving,text_driving_emo,18.0,3.0,0,1,sub022,free viewing,high_emo,1.0
18,19,drugged_driving,drugged_driving_neu,19.0,3.0,0,1,sub022,free viewing,low_emo,1.0
19,20,burger,burger_emo,20.0,2.0,0,1,sub022,free viewing,high_emo,1.0
0,1,smoking,smoking_neu,1.0,5.0,0,0,sub023,free viewing,low_emo,1.0
1,2,drugged_driving,drugged_driving_emo,2.0,1.0,1,1,sub023,free viewing,high_emo,1.0
2,3,healthy_diet,healthy_diet_emo,3.0,2.0,0,0,sub023,free viewing,high_emo,1.0
3,4,marijuana,marijuana_emo,4.0,3.0,0,1,sub023,free viewing,high_emo,1.0
4,5,furniture,furniture_emo,5.0,2.0,1,1,sub023,free viewing,high_emo,1.0
5,6,wash_hands,wash_hands_emo,0.0,0.0,0,1,sub023,free viewing,high_emo,0.0
6,7,text_driving,text_driving_emo,7.0,6.0,0,1,sub023,free viewing,high_emo,1.0
7,8,burger,burger_emo,8.0,2.0,0,1,sub023,free viewing,high_emo,1.0
8,9,tech_addiction,tech_addiction_neu,9.0,2.0,0,1,sub023,free viewing,low_emo,1.0
9,10,vaccination,vaccination_neu,10.0,4.0,0,0,sub023,free viewing,low_emo,1.0
10,11,sun_protection,sun_protection_emo,11.0,1.0,0,1,sub023,free viewing,high_emo,1.0
11,12,vaping,vaping_neu,12.0,2.0,0,1,sub023,free viewing,low_emo,1.0
12,13,hotel,hotel_neu,13.0,3.0,1,1,sub023,free viewing,low_emo,1.0
13,14,coffee,coffee_emo,14.0,1.0,0,1,sub023,free viewing,high_emo,1.0
14,15,binge_drinking,binge_drinking_neu,15.0,3.0,0,0,sub023,free viewing,low_emo,1.0
15,16,HIV,HIV_neu,16.0,2.0,1,1,sub023,free viewing,low_emo,1.0
16,17,buckle_up,buckle_up_emo,17.0,2.0,1,1,sub023,free viewing,high_emo,1.0
17,18,diabetes,diabetes_neu,0.0,0.0,0,1,sub023,free viewing,low_emo,0.0
18,19,education_donation,education_donation_neu,19.0,1.0,0,0,sub023,free viewing,low_emo,1.0
19,20,brunch,brunch_neu,20.0,1.0,0,1,sub023,free viewing,low_emo,1.0
0,1,smoking,smoking_emo,1.0,3.0,1,1,sub024,free viewing,high_emo,1.0
1,2,drugged_driving,drugged_driving_neu,2.0,1.0,1,0,sub024,free viewing,low_emo,1.0
2,3,healthy_diet,healthy_diet_neu,3.0,4.0,0,0,sub024,free viewing,low_emo,1.0
3,4,marijuana,marijuana_neu,4.0,1.0,1,1,sub024,free viewing,low_emo,1.0
4,5,furniture,furniture_neu,5.0,1.0,0,0,sub024,free viewing,low_emo,1.0
5,6,wash_hands,wash_hands_neu,6.0,3.0,0,1,sub024,free viewing,low_emo,1.0
6,7,text_driving,text_driving_neu,7.0,1.0,0,1,sub024,free viewing,low_emo,1.0
7,8,burger,burger_neu,0.0,0.0,0,1,sub024,free viewing,low_emo,0.0
8,9,tech_addiction,tech_addiction_emo,9.0,1.0,0,1,sub024,free viewing,high_emo,1.0
9,10,vaccination,vaccination_emo,10.0,1.0,0,1,sub024,free viewing,high_emo,1.0
10,11,sun_protection,sun_protection_neu,11.0,2.0,0,1,sub024,free viewing,low_emo,1.0
11,12,vaping,vaping_emo,12.0,3.0,0,1,sub024,free viewing,high_emo,1.0
12,13,hotel,hotel_emo,0.0,0.0,0,1,sub024,free viewing,high_emo,0.0
13,14,coffee,coffee_neu,14.0,4.0,0,1,sub024,free viewing,low_emo,1.0
14,15,binge_drinking,binge_drinking_emo,15.0,1.0,1,1,sub024,free viewing,high_emo,1.0
15,16,HIV,HIV_emo,16.0,1.0,0,1,sub024,free viewing,high_emo,1.0
16,17,buckle_up,buckle_up_neu,17.0,2.0,0,1,sub024,free viewing,low_emo,1.0
17,18,diabetes,diabetes_emo,18.0,1.0,0,1,sub024,free viewing,high_emo,1.0
18,19,education_donation,education_donation_emo,19.0,1.0,0,1,sub024,free viewing,high_emo,1.0
19,20,brunch,brunch_emo,20.0,2.0,1,1,sub024,free viewing,high_emo,1.0
0,1,marijuana,marijuana_emo,0.0,0.0,0,0,sub025,free viewing,high_emo,0.0
1,2,buckle_up,buckle_up_emo,2.0,2.0,0,1,sub025,free viewing,high_emo,1.0
2,3,vaping,vaping_neu,3.0,5.0,1,1,sub025,free viewing,low_emo,1.0
3,4,education_donation,education_donation_neu,4.0,5.0,0,0,sub025,free viewing,low_emo,1.0
4,5,hotel,hotel_neu,5.0,5.0,0,1,sub025,free viewing,low_emo,1.0
5,6,smoking,smoking_emo,6.0,3.0,0,0,sub025,free viewing,high_emo,1.0
6,7,sun_protection,sun_protection_emo,7.0,4.0,1,1,sub025,free viewing,high_emo,1.0
7,8,binge_drinking,binge_drinking_neu,8.0,4.0,0,0,sub025,free viewing,low_emo,1.0
8,9,vaccination,vaccination_emo,9.0,3.0,0,0,sub025,free viewing,high_emo,1.0
9,10,coffee,coffee_neu,10.0,2.0,0,1,sub025,free viewing,low_emo,1.0
10,11,furniture,furniture_emo,11.0,5.0,0,0,sub025,free viewing,high_emo,1.0
11,12,drugged_driving,drugged_driving_neu,12.0,6.0,1,1,sub025,free viewing,low_emo,1.0
12,13,text_driving,text_driving_neu,13.0,4.0,0,0,sub025,free viewing,low_emo,1.0
13,14,brunch,brunch_emo,14.0,5.0,1,1,sub025,free viewing,high_emo,1.0
14,15,healthy_diet,healthy_diet_emo,15.0,5.0,1,1,sub025,free viewing,high_emo,1.0
15,16,tech_addiction,tech_addiction_emo,16.0,2.0,0,1,sub025,free viewing,high_emo,1.0
16,17,HIV,HIV_neu,17.0,2.0,1,1,sub025,free viewing,low_emo,1.0
17,18,diabetes,diabetes_neu,18.0,1.0,1,0,sub025,free viewing,low_emo,1.0
18,19,wash_hands,wash_hands_neu,19.0,1.0,0,1,sub025,free viewing,low_emo,1.0
19,20,burger,burger_emo,20.0,6.0,1,1,sub025,free viewing,high_emo,1.0
0,1,marijuana,marijuana_neu,1.0,1.0,1,1,sub026,free viewing,low_emo,1.0
1,2,buckle_up,buckle_up_neu,2.0,5.0,1,1,sub026,free viewing,low_emo,1.0
2,3,vaping,vaping_emo,3.0,3.0,0,1,sub026,free viewing,high_emo,1.0
3,4,education_donation,education_donation_emo,4.0,2.0,0,0,sub026,free viewing,high_emo,1.0
4,5,hotel,hotel_emo,5.0,3.0,0,1,sub026,free viewing,high_emo,1.0
5,6,smoking,smoking_neu,6.0,1.0,1,1,sub026,free viewing,low_emo,1.0
6,7,sun_protection,sun_protection_neu,0.0,0.0,0,1,sub026,free viewing,low_emo,0.0
7,8,binge_drinking,binge_drinking_emo,8.0,5.0,0,0,sub026,free viewing,high_emo,1.0
8,9,vaccination,vaccination_neu,9.0,9.0,0,1,sub026,free viewing,low_emo,1.0
9,10,coffee,coffee_emo,10.0,2.0,1,1,sub026,free viewing,high_emo,1.0
10,11,furniture,furniture_neu,11.0,3.0,0,0,sub026,free viewing,low_emo,1.0
11,12,drugged_driving,drugged_driving_emo,12.0,7.0,0,1,sub026,free viewing,high_emo,1.0
12,13,text_driving,text_driving_emo,13.0,5.0,1,1,sub026,free viewing,high_emo,1.0
13,14,brunch,brunch_neu,14.0,3.0,1,1,sub026,free viewing,low_emo,1.0
14,15,healthy_diet,healthy_diet_neu,15.0,4.0,0,1,sub026,free viewing,low_emo,1.0
15,16,tech_addiction,tech_addiction_neu,16.0,4.0,0,0,sub026,free viewing,low_emo,1.0
16,17,HIV,HIV_emo,17.0,2.0,0,1,sub026,free viewing,high_emo,1.0
17,18,diabetes,diabetes_emo,18.0,8.0,1,1,sub026,free viewing,high_emo,1.0
18,19,wash_hands,wash_hands_emo,19.0,4.0,0,0,sub026,free viewing,high_emo,1.0
19,20,burger,burger_neu,20.0,7.0,0,0,sub026,free viewing,low_emo,1.0
0,1,coffee,coffee_neu,1.0,1.0,1,1,sub027,free viewing,low_emo,1.0
1,2,healthy_diet,healthy_diet_emo,2.0,1.0,0,1,sub027,free viewing,high_emo,1.0
2,3,education_donation,education_donation_neu,3.0,2.0,0,0,sub027,free viewing,low_emo,1.0
3,4,burger,burger_neu,4.0,5.0,0,0,sub027,free viewing,low_emo,1.0
4,5,marijuana,marijuana_neu,5.0,1.0,0,0,sub027,free viewing,low_emo,1.0
5,6,hotel,hotel_emo,6.0,2.0,0,0,sub027,free viewing,high_emo,1.0
6,7,buckle_up,buckle_up_emo,7.0,2.0,0,1,sub027,free viewing,high_emo,1.0
7,8,vaping,vaping_emo,8.0,1.0,0,1,sub027,free viewing,high_emo,1.0
8,9,diabetes,diabetes_emo,0.0,0.0,0,0,sub027,free viewing,high_emo,0.0
9,10,vaccination,vaccination_emo,10.0,2.0,0,0,sub027,free viewing,high_emo,1.0
10,11,furniture,furniture_neu,11.0,1.0,0,0,sub027,free viewing,low_emo,1.0
11,12,brunch,brunch_emo,12.0,1.0,0,0,sub027,free viewing,high_emo,1.0
12,13,sun_protection,sun_protection_neu,13.0,1.0,0,0,sub027,free viewing,low_emo,1.0
13,14,wash_hands,wash_hands_neu,0.0,0.0,0,0,sub027,free viewing,low_emo,0.0
14,15,tech_addiction,tech_addiction_neu,15.0,5.0,1,1,sub027,free viewing,low_emo,1.0
15,16,drugged_driving,drugged_driving_emo,16.0,3.0,0,1,sub027,free viewing,high_emo,1.0
16,17,text_driving,text_driving_neu,17.0,1.0,0,0,sub027,free viewing,low_emo,1.0
17,18,binge_drinking,binge_drinking_emo,18.0,2.0,1,1,sub027,free viewing,high_emo,1.0
18,19,smoking,smoking_emo,19.0,4.0,1,1,sub027,free viewing,high_emo,1.0
19,20,HIV,HIV_neu,0.0,0.0,0,0,sub027,free viewing,low_emo,0.0
0,1,coffee,coffee_emo,1.0,1.0,0,0,sub028,free viewing,high_emo,1.0
1,2,healthy_diet,healthy_diet_neu,2.0,4.0,0,0,sub028,free viewing,low_emo,1.0
2,3,education_donation,education_donation_emo,3.0,4.0,0,0,sub028,free viewing,high_emo,1.0
3,4,burger,burger_emo,4.0,3.0,0,1,sub028,free viewing,high_emo,1.0
4,5,marijuana,marijuana_emo,5.0,3.0,1,1,sub028,free viewing,high_emo,1.0
5,6,hotel,hotel_neu,6.0,4.0,0,1,sub028,free viewing,low_emo,1.0
6,7,buckle_up,buckle_up_neu,7.0,1.0,0,0,sub028,free viewing,low_emo,1.0
7,8,vaping,vaping_neu,8.0,2.0,1,1,sub028,free viewing,low_emo,1.0
8,9,diabetes,diabetes_neu,9.0,3.0,0,1,sub028,free viewing,low_emo,1.0
9,10,vaccination,vaccination_neu,10.0,5.0,1,1,sub028,free viewing,low_emo,1.0
10,11,furniture,furniture_emo,11.0,2.0,0,0,sub028,free viewing,high_emo,1.0
11,12,brunch,brunch_neu,12.0,3.0,0,1,sub028,free viewing,low_emo,1.0
12,13,sun_protection,sun_protection_emo,13.0,4.0,1,1,sub028,free viewing,high_emo,1.0
13,14,wash_hands,wash_hands_emo,14.0,3.0,1,1,sub028,free viewing,high_emo,1.0
14,15,tech_addiction,tech_addiction_emo,0.0,0.0,0,0,sub028,free viewing,high_emo,0.0
15,16,drugged_driving,drugged_driving_neu,16.0,3.0,0,1,sub028,free viewing,low_emo,1.0
16,17,text_driving,text_driving_emo,17.0,6.0,0,1,sub028,free viewing,high_emo,1.0
17,18,binge_drinking,binge_drinking_neu,18.0,1.0,0,0,sub028,free viewing,low_emo,1.0
18,19,smoking,smoking_neu,19.0,2.0,0,1,sub028,free viewing,low_emo,1.0
19,20,HIV,HIV_emo,20.0,3.0,1,1,sub028,free viewing,high_emo,1.0
0,1,smoking,smoking_neu,1.0,2.0,0,0,sub029,free viewing,low_emo,1.0
1,2,education_donation,education_donation_neu,0.0,0.0,0,0,sub029,free viewing,low_emo,0.0
2,3,brunch,brunch_emo,0.0,0.0,0,1,sub029,free viewing,high_emo,0.0
3,4,wash_hands,wash_hands_emo,0.0,0.0,0,1,sub029,free viewing,high_emo,0.0
4,5,hotel,hotel_neu,0.0,0.0,0,1,sub029,free viewing,low_emo,0.0
5,6,HIV,HIV_neu,0.0,0.0,0,1,sub029,free viewing,low_emo,0.0
6,7,healthy_diet,healthy_diet_neu,0.0,0.0,0,0,sub029,free viewing,low_emo,0.0
7,8,tech_addiction,tech_addiction_neu,0.0,0.0,0,1,sub029,free viewing,low_emo,0.0
8,9,vaping,vaping_emo,0.0,0.0,1,1,sub029,free viewing,high_emo,0.0
9,10,text_driving,text_driving_neu,0.0,0.0,0,1,sub029,free viewing,low_emo,0.0
10,11,marijuana,marijuana_neu,11.0,1.0,1,1,sub029,free viewing,low_emo,1.0
11,12,vaccination,vaccination_neu,0.0,0.0,0,0,sub029,free viewing,low_emo,0.0
12,13,buckle_up,buckle_up_neu,0.0,0.0,1,1,sub029,free viewing,low_emo,0.0
13,14,sun_protection,sun_protection_emo,0.0,0.0,0,1,sub029,free viewing,high_emo,0.0
14,15,diabetes,diabetes_emo,0.0,0.0,0,1,sub029,free viewing,high_emo,0.0
15,16,binge_drinking,binge_drinking_emo,0.0,0.0,0,1,sub029,free viewing,high_emo,0.0
16,17,coffee,coffee_emo,0.0,0.0,0,1,sub029,free viewing,high_emo,0.0
17,18,furniture,furniture_emo,18.0,1.0,1,1,sub029,free viewing,high_emo,1.0
18,19,drugged_driving,drugged_driving_emo,0.0,0.0,0,1,sub029,free viewing,high_emo,0.0
19,20,burger,burger_emo,0.0,0.0,0,1,sub029,free viewing,high_emo,0.0
0,1,smoking,smoking_emo,1.0,3.0,0,1,sub030,free viewing,high_emo,1.0
1,2,education_donation,education_donation_emo,2.0,1.0,0,0,sub030,free viewing,high_emo,1.0
2,3,brunch,brunch_neu,3.0,2.0,0,1,sub030,free viewing,low_emo,1.0
3,4,wash_hands,wash_hands_neu,4.0,1.0,0,0,sub030,free viewing,low_emo,1.0
4,5,hotel,hotel_emo,5.0,1.0,0,0,sub030,free viewing,high_emo,1.0
5,6,HIV,HIV_emo,0.0,0.0,0,1,sub030,free viewing,high_emo,0.0
6,7,healthy_diet,healthy_diet_emo,7.0,1.0,0,0,sub030,free viewing,high_emo,1.0
7,8,tech_addiction,tech_addiction_emo,8.0,2.0,0,1,sub030,free viewing,high_emo,1.0
8,9,vaping,vaping_neu,0.0,0.0,0,1,sub030,free viewing,low_emo,0.0
9,10,text_driving,text_driving_emo,10.0,2.0,0,0,sub030,free viewing,high_emo,1.0
10,11,marijuana,marijuana_emo,11.0,2.0,0,1,sub030,free viewing,high_emo,1.0
11,12,vaccination,vaccination_emo,0.0,0.0,0,1,sub030,free viewing,high_emo,0.0
12,13,buckle_up,buckle_up_emo,13.0,4.0,1,1,sub030,free viewing,high_emo,1.0
13,14,sun_protection,sun_protection_neu,14.0,1.0,0,0,sub030,free viewing,low_emo,1.0
14,15,diabetes,diabetes_neu,0.0,0.0,0,0,sub030,free viewing,low_emo,0.0
15,16,binge_drinking,binge_drinking_neu,16.0,1.0,0,1,sub030,free viewing,low_emo,1.0
16,17,coffee,coffee_neu,17.0,2.0,0,1,sub030,free viewing,low_emo,1.0
17,18,furniture,furniture_neu,0.0,0.0,0,1,sub030,free viewing,low_emo,0.0
18,19,drugged_driving,drugged_driving_neu,19.0,3.0,1,1,sub030,free viewing,low_emo,1.0
19,20,burger,burger_neu,20.0,1.0,1,1,sub030,free viewing,low_emo,1.0
0,1,marijuana,marijuana_neu,1.0,3.0,0,1,sub031,free viewing,low_emo,1.0
1,2,tech_addiction,tech_addiction_neu,2.0,5.0,0,1,sub031,free viewing,low_emo,1.0
2,3,education_donation,education_donation_neu,3.0,2.0,0,0,sub031,free viewing,low_emo,1.0
3,4,drugged_driving,drugged_driving_neu,4.0,3.0,0,1,sub031,free viewing,low_emo,1.0
4,5,HIV,HIV_emo,5.0,6.0,0,1,sub031,free viewing,high_emo,1.0
5,6,hotel,hotel_neu,6.0,4.0,0,1,sub031,free viewing,low_emo,1.0
6,7,wash_hands,wash_hands_neu,7.0,3.0,0,1,sub031,free viewing,low_emo,1.0
7,8,healthy_diet,healthy_diet_neu,8.0,2.0,0,1,sub031,free viewing,low_emo,1.0
8,9,diabetes,diabetes_emo,9.0,5.0,1,1,sub031,free viewing,high_emo,1.0
9,10,burger,burger_emo,10.0,3.0,1,1,sub031,free viewing,high_emo,1.0
10,11,vaping,vaping_neu,11.0,3.0,1,1,sub031,free viewing,low_emo,1.0
11,12,furniture,furniture_neu,12.0,3.0,0,0,sub031,free viewing,low_emo,1.0
12,13,buckle_up,buckle_up_neu,13.0,1.0,1,1,sub031,free viewing,low_emo,1.0
13,14,text_driving,text_driving_emo,14.0,2.0,1,1,sub031,free viewing,high_emo,1.0
14,15,brunch,brunch_emo,15.0,4.0,1,1,sub031,free viewing,high_emo,1.0
15,16,smoking,smoking_emo,16.0,2.0,1,1,sub031,free viewing,high_emo,1.0
16,17,sun_protection,sun_protection_emo,17.0,3.0,0,1,sub031,free viewing,high_emo,1.0
17,18,binge_drinking,binge_drinking_emo,18.0,6.0,0,1,sub031,free viewing,high_emo,1.0
18,19,vaccination,vaccination_emo,19.0,3.0,1,1,sub031,free viewing,high_emo,1.0
19,20,coffee,coffee_emo,20.0,4.0,0,0,sub031,free viewing,high_emo,1.0
0,1,marijuana,marijuana_emo,1.0,5.0,1,1,sub032,free viewing,high_emo,1.0
1,2,tech_addiction,tech_addiction_emo,2.0,6.0,0,1,sub032,free viewing,high_emo,1.0
2,3,education_donation,education_donation_emo,3.0,6.0,0,1,sub032,free viewing,high_emo,1.0
3,4,drugged_driving,drugged_driving_emo,4.0,6.0,1,1,sub032,free viewing,high_emo,1.0
4,5,HIV,HIV_neu,5.0,5.0,0,1,sub032,free viewing,low_emo,1.0
5,6,hotel,hotel_emo,6.0,9.0,1,1,sub032,free viewing,high_emo,1.0
6,7,wash_hands,wash_hands_emo,7.0,3.0,0,1,sub032,free viewing,high_emo,1.0
7,8,healthy_diet,healthy_diet_emo,8.0,5.0,0,1,sub032,free viewing,high_emo,1.0
8,9,diabetes,diabetes_neu,9.0,5.0,0,1,sub032,free viewing,low_emo,1.0
9,10,burger,burger_neu,10.0,9.0,0,1,sub032,free viewing,low_emo,1.0
10,11,vaping,vaping_emo,11.0,4.0,1,1,sub032,free viewing,high_emo,1.0
11,12,furniture,furniture_emo,12.0,6.0,0,1,sub032,free viewing,high_emo,1.0
12,13,buckle_up,buckle_up_emo,13.0,4.0,0,1,sub032,free viewing,high_emo,1.0
13,14,text_driving,text_driving_neu,14.0,7.0,0,1,sub032,free viewing,low_emo,1.0
14,15,brunch,brunch_neu,15.0,4.0,0,1,sub032,free viewing,low_emo,1.0
15,16,smoking,smoking_neu,16.0,8.0,0,1,sub032,free viewing,low_emo,1.0
16,17,sun_protection,sun_protection_neu,17.0,6.0,0,1,sub032,free viewing,low_emo,1.0
17,18,binge_drinking,binge_drinking_neu,18.0,6.0,0,1,sub032,free viewing,low_emo,1.0
18,19,vaccination,vaccination_neu,19.0,5.0,0,1,sub032,free viewing,low_emo,1.0
19,20,coffee,coffee_neu,20.0,12.0,1,1,sub032,free viewing,low_emo,1.0
0,1,coffee,coffee_neu,1.0,1.0,1,0,sub033,count trash,low_emo,1.0
1,2,diabetes,diabetes_neu,0.0,0.0,0,0,sub033,count trash,low_emo,0.0
2,3,vaccination,vaccination_emo,0.0,0.0,0,1,sub033,count trash,high_emo,0.0
3,4,burger,burger_neu,0.0,0.0,1,1,sub033,count trash,low_emo,0.0
4,5,binge_drinking,binge_drinking_emo,0.0,0.0,0,1,sub033,count trash,high_emo,0.0
5,6,smoking,smoking_emo,6.0,1.0,0,1,sub033,count trash,high_emo,1.0
6,7,furniture,furniture_neu,7.0,1.0,0,0,sub033,count trash,low_emo,1.0
7,8,wash_hands,wash_hands_neu,8.0,1.0,1,1,sub033,count trash,low_emo,1.0
8,9,marijuana,marijuana_emo,9.0,2.0,0,1,sub033,count trash,high_emo,1.0
9,10,buckle_up,buckle_up_emo,0.0,0.0,1,1,sub033,count trash,high_emo,0.0
10,11,brunch,brunch_neu,0.0,0.0,0,1,sub033,count trash,low_emo,0.0
11,12,healthy_diet,healthy_diet_emo,12.0,1.0,0,1,sub033,count trash,high_emo,1.0
12,13,HIV,HIV_neu,13.0,1.0,0,1,sub033,count trash,low_emo,1.0
13,14,education_donation,education_donation_neu,14.0,2.0,0,0,sub033,count trash,low_emo,1.0
14,15,tech_addiction,tech_addiction_neu,15.0,1.0,0,0,sub033,count trash,low_emo,1.0
15,16,hotel,hotel_emo,0.0,0.0,0,0,sub033,count trash,high_emo,0.0
16,17,vaping,vaping_emo,0.0,0.0,0,0,sub033,count trash,high_emo,0.0
17,18,sun_protection,sun_protection_neu,0.0,0.0,1,1,sub033,count trash,low_emo,0.0
18,19,text_driving,text_driving_emo,0.0,0.0,0,1,sub033,count trash,high_emo,0.0
19,20,drugged_driving,drugged_driving_emo,0.0,0.0,0,1,sub033,count trash,high_emo,0.0
0,1,coffee,coffee_emo,0.0,0.0,0,0,sub034,count trash,high_emo,0.0
1,2,diabetes,diabetes_emo,0.0,0.0,0,0,sub034,count trash,high_emo,0.0
2,3,vaccination,vaccination_neu,3.0,1.0,0,0,sub034,count trash,low_emo,1.0
3,4,burger,burger_emo,4.0,2.0,0,0,sub034,count trash,high_emo,1.0
4,5,binge_drinking,binge_drinking_neu,0.0,0.0,0,0,sub034,count trash,low_emo,0.0
5,6,smoking,smoking_neu,6.0,1.0,0,0,sub034,count trash,low_emo,1.0
6,7,furniture,furniture_emo,7.0,1.0,0,0,sub034,count trash,high_emo,1.0
7,8,wash_hands,wash_hands_emo,8.0,2.0,1,1,sub034,count trash,high_emo,1.0
8,9,marijuana,marijuana_neu,0.0,0.0,0,0,sub034,count trash,low_emo,0.0
9,10,buckle_up,buckle_up_neu,0.0,0.0,0,0,sub034,count trash,low_emo,0.0
10,11,brunch,brunch_emo,0.0,0.0,0,0,sub034,count trash,high_emo,0.0
11,12,healthy_diet,healthy_diet_neu,0.0,0.0,0,0,sub034,count trash,low_emo,0.0
12,13,HIV,HIV_emo,0.0,0.0,0,0,sub034,count trash,high_emo,0.0
13,14,education_donation,education_donation_emo,0.0,0.0,0,0,sub034,count trash,high_emo,0.0
14,15,tech_addiction,tech_addiction_emo,0.0,0.0,0,0,sub034,count trash,high_emo,0.0
15,16,hotel,hotel_neu,0.0,0.0,0,0,sub034,count trash,low_emo,0.0
16,17,vaping,vaping_neu,17.0,2.0,0,0,sub034,count trash,low_emo,1.0
17,18,sun_protection,sun_protection_emo,0.0,0.0,0,0,sub034,count trash,high_emo,0.0
18,19,text_driving,text_driving_neu,19.0,1.0,0,0,sub034,count trash,low_emo,1.0
19,20,drugged_driving,drugged_driving_neu,0.0,0.0,0,0,sub034,count trash,low_emo,0.0
0,1,binge_drinking,binge_drinking_neu,0.0,0.0,0,0,sub035,count trash,low_emo,0.0
1,2,smoking,smoking_neu,2.0,3.0,1,1,sub035,count trash,low_emo,1.0
2,3,healthy_diet,healthy_diet_emo,3.0,1.0,0,0,sub035,count trash,high_emo,1.0
3,4,diabetes,diabetes_neu,0.0,0.0,0,0,sub035,count trash,low_emo,0.0
4,5,drugged_driving,drugged_driving_emo,5.0,2.0,1,1,sub035,count trash,high_emo,1.0
5,6,HIV,HIV_neu,0.0,0.0,0,0,sub035,count trash,low_emo,0.0
6,7,text_driving,text_driving_emo,7.0,1.0,0,0,sub035,count trash,high_emo,1.0
7,8,marijuana,marijuana_emo,0.0,0.0,0,0,sub035,count trash,high_emo,0.0
8,9,vaccination,vaccination_neu,9.0,1.0,0,0,sub035,count trash,low_emo,1.0
9,10,vaping,vaping_neu,10.0,1.0,1,1,sub035,count trash,low_emo,1.0
10,11,buckle_up,buckle_up_emo,11.0,3.0,0,1,sub035,count trash,high_emo,1.0
11,12,coffee,coffee_neu,0.0,0.0,0,0,sub035,count trash,low_emo,0.0
12,13,furniture,furniture_emo,0.0,0.0,0,0,sub035,count trash,high_emo,0.0
13,14,education_donation,education_donation_neu,14.0,1.0,0,0,sub035,count trash,low_emo,1.0
14,15,tech_addiction,tech_addiction_emo,0.0,0.0,0,0,sub035,count trash,high_emo,0.0
15,16,wash_hands,wash_hands_neu,0.0,0.0,0,0,sub035,count trash,low_emo,0.0
16,17,hotel,hotel_emo,0.0,0.0,0,0,sub035,count trash,high_emo,0.0
17,18,brunch,brunch_emo,0.0,0.0,0,0,sub035,count trash,high_emo,0.0
18,19,burger,burger_neu,19.0,2.0,0,0,sub035,count trash,low_emo,1.0
19,20,sun_protection,sun_protection_emo,0.0,0.0,0,1,sub035,count trash,high_emo,0.0
0,1,binge_drinking,binge_drinking_emo,0.0,0.0,0,1,sub036,count trash,high_emo,0.0
1,2,smoking,smoking_emo,2.0,1.0,0,1,sub036,count trash,high_emo,1.0
2,3,healthy_diet,healthy_diet_neu,0.0,0.0,0,0,sub036,count trash,low_emo,0.0
3,4,diabetes,diabetes_emo,0.0,0.0,0,1,sub036,count trash,high_emo,0.0
4,5,drugged_driving,drugged_driving_neu,0.0,0.0,0,0,sub036,count trash,low_emo,0.0
5,6,HIV,HIV_emo,6.0,1.0,0,1,sub036,count trash,high_emo,1.0
6,7,text_driving,text_driving_neu,7.0,2.0,0,0,sub036,count trash,low_emo,1.0
7,8,marijuana,marijuana_neu,8.0,2.0,0,1,sub036,count trash,low_emo,1.0
8,9,vaccination,vaccination_emo,9.0,1.0,1,1,sub036,count trash,high_emo,1.0
9,10,vaping,vaping_emo,10.0,3.0,1,1,sub036,count trash,high_emo,1.0
10,11,buckle_up,buckle_up_neu,11.0,2.0,1,1,sub036,count trash,low_emo,1.0
11,12,coffee,coffee_emo,12.0,1.0,0,1,sub036,count trash,high_emo,1.0
12,13,furniture,furniture_neu,13.0,2.0,0,0,sub036,count trash,low_emo,1.0
13,14,education_donation,education_donation_emo,14.0,2.0,0,1,sub036,count trash,high_emo,1.0
14,15,tech_addiction,tech_addiction_neu,0.0,0.0,0,0,sub036,count trash,low_emo,0.0
15,16,wash_hands,wash_hands_emo,0.0,0.0,0,0,sub036,count trash,high_emo,0.0
16,17,hotel,hotel_neu,17.0,2.0,0,0,sub036,count trash,low_emo,1.0
17,18,brunch,brunch_neu,18.0,1.0,0,0,sub036,count trash,low_emo,1.0
18,19,burger,burger_emo,19.0,1.0,1,1,sub036,count trash,high_emo,1.0
19,20,sun_protection,sun_protection_neu,20.0,1.0,0,1,sub036,count trash,low_emo,1.0
0,1,coffee,coffee_neu,0.0,0.0,0,0,sub037,count trash,low_emo,0.0
1,2,text_driving,text_driving_emo,0.0,0.0,0,0,sub037,count trash,high_emo,0.0
2,3,hotel,hotel_neu,0.0,0.0,0,0,sub037,count trash,low_emo,0.0
3,4,education_donation,education_donation_emo,0.0,0.0,0,0,sub037,count trash,high_emo,0.0
4,5,furniture,furniture_neu,0.0,0.0,0,0,sub037,count trash,low_emo,0.0
5,6,tech_addiction,tech_addiction_emo,0.0,0.0,0,1,sub037,count trash,high_emo,0.0
6,7,brunch,brunch_neu,0.0,0.0,0,0,sub037,count trash,low_emo,0.0
7,8,smoking,smoking_neu,0.0,0.0,0,0,sub037,count trash,low_emo,0.0
8,9,healthy_diet,healthy_diet_emo,0.0,0.0,0,1,sub037,count trash,high_emo,0.0
9,10,wash_hands,wash_hands_emo,10.0,1.0,0,1,sub037,count trash,high_emo,1.0
10,11,binge_drinking,binge_drinking_emo,0.0,0.0,0,0,sub037,count trash,high_emo,0.0
11,12,diabetes,diabetes_neu,0.0,0.0,0,0,sub037,count trash,low_emo,0.0
12,13,sun_protection,sun_protection_emo,13.0,1.0,1,1,sub037,count trash,high_emo,1.0
13,14,drugged_driving,drugged_driving_neu,0.0,0.0,0,0,sub037,count trash,low_emo,0.0
14,15,buckle_up,buckle_up_neu,0.0,0.0,0,1,sub037,count trash,low_emo,0.0
15,16,vaping,vaping_neu,16.0,1.0,1,1,sub037,count trash,low_emo,1.0
16,17,burger,burger_emo,0.0,0.0,0,0,sub037,count trash,high_emo,0.0
17,18,marijuana,marijuana_emo,0.0,0.0,0,0,sub037,count trash,high_emo,0.0
18,19,HIV,HIV_neu,0.0,0.0,0,0,sub037,count trash,low_emo,0.0
19,20,vaccination,vaccination_emo,0.0,0.0,0,0,sub037,count trash,high_emo,0.0
0,1,coffee,coffee_emo,1.0,1.0,0,0,sub038,count trash,high_emo,1.0
1,2,text_driving,text_driving_neu,2.0,1.0,1,1,sub038,count trash,low_emo,1.0
2,3,hotel,hotel_emo,3.0,2.0,0,0,sub038,count trash,high_emo,1.0
3,4,education_donation,education_donation_neu,0.0,0.0,0,0,sub038,count trash,low_emo,0.0
4,5,furniture,furniture_emo,0.0,0.0,0,0,sub038,count trash,high_emo,0.0
5,6,tech_addiction,tech_addiction_neu,0.0,0.0,0,0,sub038,count trash,low_emo,0.0
6,7,brunch,brunch_emo,0.0,0.0,0,0,sub038,count trash,high_emo,0.0
7,8,smoking,smoking_emo,0.0,0.0,0,0,sub038,count trash,high_emo,0.0
8,9,healthy_diet,healthy_diet_neu,0.0,0.0,0,1,sub038,count trash,low_emo,0.0
9,10,wash_hands,wash_hands_neu,0.0,0.0,0,0,sub038,count trash,low_emo,0.0
10,11,binge_drinking,binge_drinking_neu,0.0,0.0,0,0,sub038,count trash,low_emo,0.0
11,12,diabetes,diabetes_emo,0.0,0.0,0,0,sub038,count trash,high_emo,0.0
12,13,sun_protection,sun_protection_neu,0.0,0.0,0,0,sub038,count trash,low_emo,0.0
13,14,drugged_driving,drugged_driving_emo,0.0,0.0,0,1,sub038,count trash,high_emo,0.0
14,15,buckle_up,buckle_up_emo,0.0,0.0,0,0,sub038,count trash,high_emo,0.0
15,16,vaping,vaping_emo,0.0,0.0,0,1,sub038,count trash,high_emo,0.0
16,17,burger,burger_neu,0.0,0.0,0,0,sub038,count trash,low_emo,0.0
17,18,marijuana,marijuana_neu,0.0,0.0,0,0,sub038,count trash,low_emo,0.0
18,19,HIV,HIV_emo,0.0,0.0,0,0,sub038,count trash,high_emo,0.0
19,20,vaccination,vaccination_neu,0.0,0.0,0,0,sub038,count trash,low_emo,0.0
0,1,burger,burger_emo,0.0,0.0,0,0,sub039,count trash,high_emo,0.0
1,2,tech_addiction,tech_addiction_neu,0.0,0.0,0,0,sub039,count trash,low_emo,0.0
2,3,text_driving,text_driving_emo,0.0,0.0,0,0,sub039,count trash,high_emo,0.0
3,4,education_donation,education_donation_neu,0.0,0.0,0,0,sub039,count trash,low_emo,0.0
4,5,vaping,vaping_neu,0.0,0.0,0,0,sub039,count trash,low_emo,0.0
5,6,drugged_driving,drugged_driving_neu,0.0,0.0,0,0,sub039,count trash,low_emo,0.0
6,7,diabetes,diabetes_neu,0.0,0.0,0,0,sub039,count trash,low_emo,0.0
7,8,marijuana,marijuana_emo,0.0,0.0,0,0,sub039,count trash,high_emo,0.0
8,9,wash_hands,wash_hands_emo,0.0,0.0,0,0,sub039,count trash,high_emo,0.0
9,10,binge_drinking,binge_drinking_emo,0.0,0.0,0,0,sub039,count trash,high_emo,0.0
10,11,vaccination,vaccination_neu,0.0,0.0,0,0,sub039,count trash,low_emo,0.0
11,12,buckle_up,buckle_up_neu,0.0,0.0,0,0,sub039,count trash,low_emo,0.0
12,13,smoking,smoking_emo,0.0,0.0,0,0,sub039,count trash,high_emo,0.0
13,14,healthy_diet,healthy_diet_emo,14.0,1.0,0,0,sub039,count trash,high_emo,1.0
14,15,coffee,coffee_neu,0.0,0.0,0,0,sub039,count trash,low_emo,0.0
15,16,HIV,HIV_emo,0.0,0.0,0,0,sub039,count trash,high_emo,0.0
16,17,furniture,furniture_neu,0.0,0.0,0,0,sub039,count trash,low_emo,0.0
17,18,sun_protection,sun_protection_emo,18.0,1.0,1,1,sub039,count trash,high_emo,1.0
18,19,hotel,hotel_neu,0.0,0.0,0,0,sub039,count trash,low_emo,0.0
19,20,brunch,brunch_emo,20.0,1.0,1,1,sub039,count trash,high_emo,1.0
0,1,burger,burger_neu,1.0,1.0,0,0,sub040,count trash,low_emo,1.0
1,2,tech_addiction,tech_addiction_emo,2.0,1.0,0,1,sub040,count trash,high_emo,1.0
2,3,text_driving,text_driving_neu,3.0,1.0,0,1,sub040,count trash,low_emo,1.0
3,4,education_donation,education_donation_emo,4.0,1.0,0,0,sub040,count trash,high_emo,1.0
4,5,vaping,vaping_emo,5.0,2.0,1,1,sub040,count trash,high_emo,1.0
5,6,drugged_driving,drugged_driving_emo,0.0,0.0,0,1,sub040,count trash,high_emo,0.0
6,7,diabetes,diabetes_emo,0.0,0.0,0,0,sub040,count trash,high_emo,0.0
7,8,marijuana,marijuana_neu,8.0,2.0,1,1,sub040,count trash,low_emo,1.0
8,9,wash_hands,wash_hands_neu,0.0,0.0,0,1,sub040,count trash,low_emo,0.0
9,10,binge_drinking,binge_drinking_neu,0.0,0.0,1,1,sub040,count trash,low_emo,0.0
10,11,vaccination,vaccination_emo,0.0,0.0,0,1,sub040,count trash,high_emo,0.0
11,12,buckle_up,buckle_up_emo,0.0,0.0,0,1,sub040,count trash,high_emo,0.0
12,13,smoking,smoking_neu,0.0,0.0,0,1,sub040,count trash,low_emo,0.0
13,14,healthy_diet,healthy_diet_neu,14.0,2.0,0,0,sub040,count trash,low_emo,1.0
14,15,coffee,coffee_emo,15.0,1.0,0,1,sub040,count trash,high_emo,1.0
15,16,HIV,HIV_neu,0.0,0.0,0,1,sub040,count trash,low_emo,0.0
16,17,furniture,furniture_emo,17.0,1.0,0,0,sub040,count trash,high_emo,1.0
17,18,sun_protection,sun_protection_neu,18.0,1.0,0,0,sub040,count trash,low_emo,1.0
18,19,hotel,hotel_emo,19.0,2.0,0,1,sub040,count trash,high_emo,1.0
19,20,brunch,brunch_neu,20.0,1.0,1,1,sub040,count trash,low_emo,1.0
